Data Periods,Mode of Travel,Intersection Type,Zone ID,Zone Name,Zone Is Pass-Through,Zone Direction (degrees),Zone is Bi-Direction,Day Type,Day Part,Average Daily Zone Traffic (StL Volume),Avg Travel Time (sec),Avg All Travel Time (sec),Avg Trip Length (mi),Avg All Trip Length (mi)
"Jun 01, 2021 - Aug 31, 2021",Pedestrian - StL Pedestrian Volume,Trip Start,N/A,dog-park-lot,no,N/A,no,0: All Days (M-Su),00: All Day (12am-12am),1193,1980,1980,0.9,0.9
"Jun 01, 2021 - Aug 31, 2021",Pedestrian - StL Pedestrian Volume,Trip Start,N/A,dog-park-lot,no,N/A,no,0: All Days (M-Su),07: 6am (6am-7am),19,1653,1653,0.9,0.9
"Jun 01, 2021 - Aug 31, 2021",Pedestrian - StL Pedestrian Volume,Trip Start,N/A,dog-park-lot,no,N/A,no,0: All Days (M-Su),08: 7am (7am-8am),110,1291,1291,0.5,0.5
"Jun 01, 2021 - Aug 31, 2021",Pedestrian - StL Pedestrian Volume,Trip Start,N/A,dog-park-lot,no,N/A,no,0: All Days (M-Su),09: 8am (8am-9am),57,1679,1679,0.9,0.9
"Jun 01, 2021 - Aug 31, 2021",Pedestrian - StL Pedestrian Volume,Trip Start,N/A,dog-park-lot,no,N/A,no,0: All Days (M-Su),10: 9am (9am-10am),61,2408,2408,1.1,1.1
"Jun 01, 2021 - Aug 31, 2021",Pedestrian - StL Pedestrian Volume,Trip Start,N/A,dog-park-lot,no,N/A,no,0: All Days (M-Su),11: 10am (10am-11am),45,1831,1831,0.9,0.9
"Jun 01, 2021 - Aug 31, 2021",Pedestrian - StL Pedestrian Volume,Trip Start,N/A,dog-park-lot,no,N/A,no,0: All Days (M-Su),12: 11am (11am-12noon),50,2202,2202,0.9,0.9
"Jun 01, 2021 - Aug 31, 2021",Pedestrian - StL Pedestrian Volume,Trip Start,N/A,dog-park-lot,no,N/A,no,0: All Days (M-Su),13: 12pm (12noon-1pm),111,2694,2694,0.8,0.8
"Jun 01, 2021 - Aug 31, 2021",Pedestrian - StL Pedestrian Volume,Trip Start,N/A,dog-park-lot,no,N/A,no,0: All Days (M-Su),14: 1pm (1pm-2pm),60,1875,1875,1.0,1.0
"Jun 01, 2021 - Aug 31, 2021",Pedestrian - StL Pedestrian Volume,Trip Start,N/A,dog-park-lot,no,N/A,no,0: All Days (M-Su),15: 2pm (2pm-3pm),40,1404,1404,0.7,0.7
"Jun 01, 2021 - Aug 31, 2021",Pedestrian - StL Pedestrian Volume,Trip Start,N/A,dog-park-lot,no,N/A,no,0: All Days (M-Su),16: 3pm (3pm-4pm),47,2182,2182,1.1,1.1
"Jun 01, 2021 - Aug 31, 2021",Pedestrian - StL Pedestrian Volume,Trip Start,N/A,dog-park-lot,no,N/A,no,0: All Days (M-Su),17: 4pm (4pm-5pm),89,1722,1722,0.9,0.9
"Jun 01, 2021 - Aug 31, 2021",Pedestrian - StL Pedestrian Volume,Trip Start,N/A,dog-park-lot,no,N/A,no,0: All Days (M-Su),18: 5pm (5pm-6pm),135,1961,1961,1.0,1.0
"Jun 01, 2021 - Aug 31, 2021",Pedestrian - StL Pedestrian Volume,Trip Start,N/A,dog-park-lot,no,N/A,no,0: All Days (M-Su),19: 6pm (6pm-7pm),184,2189,2189,1.1,1.1
"Jun 01, 2021 - Aug 31, 2021",Pedestrian - StL Pedestrian Volume,Trip Start,N/A,dog-park-lot,no,N/A,no,0: All Days (M-Su),20: 7pm (7pm-8pm),126,2111,2111,1.2,1.2
"Jun 01, 2021 - Aug 31, 2021",Pedestrian - StL Pedestrian Volume,Trip Start,N/A,dog-park-lot,no,N/A,no,0: All Days (M-Su),21: 8pm (8pm-9pm),57,2012,2012,1.2,1.2
"Jun 01, 2021 - Aug 31, 2021",Pedestrian - StL Pedestrian Volume,Trip Start,N/A,dog-park-lot,no,N/A,no,0: All Days (M-Su),22: 9pm (9pm-10pm),1,1915,1915,0.9,0.9
"Jun 01, 2021 - Aug 31, 2021",Pedestrian - StL Pedestrian Volume,Trip Start,N/A,dog-park-lot,no,N/A,no,0: All Days (M-Su),24: 11pm (11pm-12am),1,209,209,0.1,0.1
"Jun 01, 2021 - Aug 31, 2021",Pedestrian - StL Pedestrian Volume,Trip Start,N/A,parking,no,N/A,no,0: All Days (M-Su),00: All Day (12am-12am),377,1168,1168,0.5,0.5
"Jun 01, 2021 - Aug 31, 2021",Pedestrian - StL Pedestrian Volume,Trip Start,N/A,parking,no,N/A,no,0: All Days (M-Su),01: 12am (12am-1am),3,1472,1472,0.5,0.5
"Jun 01, 2021 - Aug 31, 2021",Pedestrian - StL Pedestrian Volume,Trip Start,N/A,parking,no,N/A,no,0: All Days (M-Su),07: 6am (6am-7am),7,2766,2766,1.1,1.1
"Jun 01, 2021 - Aug 31, 2021",Pedestrian - StL Pedestrian Volume,Trip Start,N/A,parking,no,N/A,no,0: All Days (M-Su),08: 7am (7am-8am),27,1306,1306,0.6,0.6
"Jun 01, 2021 - Aug 31, 2021",Pedestrian - StL Pedestrian Volume,Trip Start,N/A,parking,no,N/A,no,0: All Days (M-Su),09: 8am (8am-9am),35,1299,1299,0.6,0.6
"Jun 01, 2021 - Aug 31, 2021",Pedestrian - StL Pedestrian Volume,Trip Start,N/A,parking,no,N/A,no,0: All Days (M-Su),10: 9am (9am-10am),28,1239,1239,0.6,0.6
"Jun 01, 2021 - Aug 31, 2021",Pedestrian - StL Pedestrian Volume,Trip Start,N/A,parking,no,N/A,no,0: All Days (M-Su),11: 10am (10am-11am),12,1174,1174,0.5,0.5
"Jun 01, 2021 - Aug 31, 2021",Pedestrian - StL Pedestrian Volume,Trip Start,N/A,parking,no,N/A,no,0: All Days (M-Su),12: 11am (11am-12noon),15,923,923,0.4,0.4
"Jun 01, 2021 - Aug 31, 2021",Pedestrian - StL Pedestrian Volume,Trip Start,N/A,parking,no,N/A,no,0: All Days (M-Su),13: 12pm (12noon-1pm),35,999,999,0.4,0.4
"Jun 01, 2021 - Aug 31, 2021",Pedestrian - StL Pedestrian Volume,Trip Start,N/A,parking,no,N/A,no,0: All Days (M-Su),14: 1pm (1pm-2pm),30,1065,1065,0.5,0.5
"Jun 01, 2021 - Aug 31, 2021",Pedestrian - StL Pedestrian Volume,Trip Start,N/A,parking,no,N/A,no,0: All Days (M-Su),15: 2pm (2pm-3pm),9,1750,1750,1.1,1.1
"Jun 01, 2021 - Aug 31, 2021",Pedestrian - StL Pedestrian Volume,Trip Start,N/A,parking,no,N/A,no,0: All Days (M-Su),16: 3pm (3pm-4pm),13,1009,1009,0.5,0.5
"Jun 01, 2021 - Aug 31, 2021",Pedestrian - StL Pedestrian Volume,Trip Start,N/A,parking,no,N/A,no,0: All Days (M-Su),17: 4pm (4pm-5pm),29,934,934,0.3,0.3
"Jun 01, 2021 - Aug 31, 2021",Pedestrian - StL Pedestrian Volume,Trip Start,N/A,parking,no,N/A,no,0: All Days (M-Su),18: 5pm (5pm-6pm),38,1319,1319,0.6,0.6
"Jun 01, 2021 - Aug 31, 2021",Pedestrian - StL Pedestrian Volume,Trip Start,N/A,parking,no,N/A,no,0: All Days (M-Su),19: 6pm (6pm-7pm),35,1126,1126,0.5,0.5
"Jun 01, 2021 - Aug 31, 2021",Pedestrian - StL Pedestrian Volume,Trip Start,N/A,parking,no,N/A,no,0: All Days (M-Su),20: 7pm (7pm-8pm),20,1003,1003,0.4,0.4
"Jun 01, 2021 - Aug 31, 2021",Pedestrian - StL Pedestrian Volume,Trip Start,N/A,parking,no,N/A,no,0: All Days (M-Su),21: 8pm (8pm-9pm),18,776,776,0.4,0.4
"Jun 01, 2021 - Aug 31, 2021",Pedestrian - StL Pedestrian Volume,Trip Start,N/A,parking,no,N/A,no,0: All Days (M-Su),22: 9pm (9pm-10pm),13,662,662,0.3,0.3
"Jun 01, 2021 - Aug 31, 2021",Pedestrian - StL Pedestrian Volume,Trip Start,N/A,parking,no,N/A,no,0: All Days (M-Su),23: 10pm (10pm-11pm),6,995,995,0.5,0.5
"Jun 01, 2021 - Aug 31, 2021",Pedestrian - StL Pedestrian Volume,Trip Start,N/A,parking,no,N/A,no,0: All Days (M-Su),24: 11pm (11pm-12am),3,904,904,0.5,0.5
"Jun 01, 2021 - Aug 31, 2021",Pedestrian - StL Pedestrian Volume,Trip Start,N/A,rec-center,no,N/A,no,0: All Days (M-Su),00: All Day (12am-12am),27,1100,1100,0.5,0.5
"Jun 01, 2021 - Aug 31, 2021",Pedestrian - StL Pedestrian Volume,Trip Start,N/A,rec-center,no,N/A,no,0: All Days (M-Su),08: 7am (7am-8am),1,1773,1773,0.2,0.2
"Jun 01, 2021 - Aug 31, 2021",Pedestrian - StL Pedestrian Volume,Trip Start,N/A,rec-center,no,N/A,no,0: All Days (M-Su),10: 9am (9am-10am),2,1197,1197,0.4,0.4
"Jun 01, 2021 - Aug 31, 2021",Pedestrian - StL Pedestrian Volume,Trip Start,N/A,rec-center,no,N/A,no,0: All Days (M-Su),12: 11am (11am-12noon),4,602,602,0.2,0.2
"Jun 01, 2021 - Aug 31, 2021",Pedestrian - StL Pedestrian Volume,Trip Start,N/A,rec-center,no,N/A,no,0: All Days (M-Su),13: 12pm (12noon-1pm),7,1396,1396,0.9,0.9
"Jun 01, 2021 - Aug 31, 2021",Pedestrian - StL Pedestrian Volume,Trip Start,N/A,rec-center,no,N/A,no,0: All Days (M-Su),14: 1pm (1pm-2pm),8,1105,1105,0.5,0.5
"Jun 01, 2021 - Aug 31, 2021",Pedestrian - StL Pedestrian Volume,Trip Start,N/A,rec-center,no,N/A,no,0: All Days (M-Su),17: 4pm (4pm-5pm),2,736,736,0.3,0.3
"Jun 01, 2021 - Aug 31, 2021",Pedestrian - StL Pedestrian Volume,Trip Start,N/A,rec-center,no,N/A,no,0: All Days (M-Su),18: 5pm (5pm-6pm),2,1454,1454,0.3,0.3
"Jun 01, 2021 - Aug 31, 2021",Pedestrian - StL Pedestrian Volume,Trip Start,N/A,rec-center,no,N/A,no,0: All Days (M-Su),19: 6pm (6pm-7pm),1,632,632,0.3,0.3
"Jun 01, 2021 - Aug 31, 2021",Pedestrian - StL Pedestrian Volume,Trip Start,N/A,restroom,no,N/A,no,0: All Days (M-Su),00: All Day (12am-12am),49,1277,1277,0.6,0.6
"Jun 01, 2021 - Aug 31, 2021",Pedestrian - StL Pedestrian Volume,Trip Start,N/A,restroom,no,N/A,no,0: All Days (M-Su),09: 8am (8am-9am),2,1130,1130,0.9,0.9
"Jun 01, 2021 - Aug 31, 2021",Pedestrian - StL Pedestrian Volume,Trip Start,N/A,restroom,no,N/A,no,0: All Days (M-Su),10: 9am (9am-10am),3,929,929,0.4,0.4
"Jun 01, 2021 - Aug 31, 2021",Pedestrian - StL Pedestrian Volume,Trip Start,N/A,restroom,no,N/A,no,0: All Days (M-Su),11: 10am (10am-11am),3,1780,1780,1.1,1.1
"Jun 01, 2021 - Aug 31, 2021",Pedestrian - StL Pedestrian Volume,Trip Start,N/A,restroom,no,N/A,no,0: All Days (M-Su),12: 11am (11am-12noon),1,2200,2200,2.3,2.3
"Jun 01, 2021 - Aug 31, 2021",Pedestrian - StL Pedestrian Volume,Trip Start,N/A,restroom,no,N/A,no,0: All Days (M-Su),14: 1pm (1pm-2pm),2,1354,1354,0.9,0.9
"Jun 01, 2021 - Aug 31, 2021",Pedestrian - StL Pedestrian Volume,Trip Start,N/A,restroom,no,N/A,no,0: All Days (M-Su),15: 2pm (2pm-3pm),8,1213,1213,0.5,0.5
"Jun 01, 2021 - Aug 31, 2021",Pedestrian - StL Pedestrian Volume,Trip Start,N/A,restroom,no,N/A,no,0: All Days (M-Su),16: 3pm (3pm-4pm),7,1316,1316,0.5,0.5
"Jun 01, 2021 - Aug 31, 2021",Pedestrian - StL Pedestrian Volume,Trip Start,N/A,restroom,no,N/A,no,0: All Days (M-Su),17: 4pm (4pm-5pm),3,1569,1569,0.4,0.4
"Jun 01, 2021 - Aug 31, 2021",Pedestrian - StL Pedestrian Volume,Trip Start,N/A,restroom,no,N/A,no,0: All Days (M-Su),18: 5pm (5pm-6pm),4,840,840,0.4,0.4
"Jun 01, 2021 - Aug 31, 2021",Pedestrian - StL Pedestrian Volume,Trip Start,N/A,restroom,no,N/A,no,0: All Days (M-Su),19: 6pm (6pm-7pm),8,1041,1041,0.3,0.3
"Jun 01, 2021 - Aug 31, 2021",Pedestrian - StL Pedestrian Volume,Trip Start,N/A,restroom,no,N/A,no,0: All Days (M-Su),20: 7pm (7pm-8pm),2,1528,1528,0.4,0.4
"Jun 01, 2021 - Aug 31, 2021",Pedestrian - StL Pedestrian Volume,Trip Start,N/A,restroom,no,N/A,no,0: All Days (M-Su),21: 8pm (8pm-9pm),3,1059,1059,0.5,0.5
"Jun 01, 2021 - Aug 31, 2021",Pedestrian - StL Pedestrian Volume,Trip Start,N/A,restroom,no,N/A,no,0: All Days (M-Su),22: 9pm (9pm-10pm),2,2093,2093,0.5,0.5
"Jun 01, 2021 - Aug 31, 2021",Pedestrian - StL Pedestrian Volume,Trip End,N/A,dog-park-lot,no,N/A,no,0: All Days (M-Su),00: All Day (12am-12am),429,2374,2374,1.0,1.0
"Jun 01, 2021 - Aug 31, 2021",Pedestrian - StL Pedestrian Volume,Trip End,N/A,dog-park-lot,no,N/A,no,0: All Days (M-Su),07: 6am (6am-7am),2,1401,1401,1.0,1.0
"Jun 01, 2021 - Aug 31, 2021",Pedestrian - StL Pedestrian Volume,Trip End,N/A,dog-park-lot,no,N/A,no,0: All Days (M-Su),08: 7am (7am-8am),7,1290,1290,0.5,0.5
"Jun 01, 2021 - Aug 31, 2021",Pedestrian - StL Pedestrian Volume,Trip End,N/A,dog-park-lot,no,N/A,no,0: All Days (M-Su),09: 8am (8am-9am),22,2051,2051,0.7,0.7
"Jun 01, 2021 - Aug 31, 2021",Pedestrian - StL Pedestrian Volume,Trip End,N/A,dog-park-lot,no,N/A,no,0: All Days (M-Su),10: 9am (9am-10am),14,2246,2246,0.9,0.9
"Jun 01, 2021 - Aug 31, 2021",Pedestrian - StL Pedestrian Volume,Trip End,N/A,dog-park-lot,no,N/A,no,0: All Days (M-Su),11: 10am (10am-11am),24,2870,2870,1.4,1.4
"Jun 01, 2021 - Aug 31, 2021",Pedestrian - StL Pedestrian Volume,Trip End,N/A,dog-park-lot,no,N/A,no,0: All Days (M-Su),12: 11am (11am-12noon),27,2003,2003,1.0,1.0
"Jun 01, 2021 - Aug 31, 2021",Pedestrian - StL Pedestrian Volume,Trip End,N/A,dog-park-lot,no,N/A,no,0: All Days (M-Su),13: 12pm (12noon-1pm),23,1980,1980,0.9,0.9
"Jun 01, 2021 - Aug 31, 2021",Pedestrian - StL Pedestrian Volume,Trip End,N/A,dog-park-lot,no,N/A,no,0: All Days (M-Su),14: 1pm (1pm-2pm),22,2189,2189,0.9,0.9
"Jun 01, 2021 - Aug 31, 2021",Pedestrian - StL Pedestrian Volume,Trip End,N/A,dog-park-lot,no,N/A,no,0: All Days (M-Su),15: 2pm (2pm-3pm),49,2907,2907,0.8,0.8
"Jun 01, 2021 - Aug 31, 2021",Pedestrian - StL Pedestrian Volume,Trip End,N/A,dog-park-lot,no,N/A,no,0: All Days (M-Su),16: 3pm (3pm-4pm),17,1772,1772,0.8,0.8
"Jun 01, 2021 - Aug 31, 2021",Pedestrian - StL Pedestrian Volume,Trip End,N/A,dog-park-lot,no,N/A,no,0: All Days (M-Su),17: 4pm (4pm-5pm),15,2164,2164,0.9,0.9
"Jun 01, 2021 - Aug 31, 2021",Pedestrian - StL Pedestrian Volume,Trip End,N/A,dog-park-lot,no,N/A,no,0: All Days (M-Su),18: 5pm (5pm-6pm),31,2377,2377,1.1,1.1
"Jun 01, 2021 - Aug 31, 2021",Pedestrian - StL Pedestrian Volume,Trip End,N/A,dog-park-lot,no,N/A,no,0: All Days (M-Su),19: 6pm (6pm-7pm),60,2335,2335,1.0,1.0
"Jun 01, 2021 - Aug 31, 2021",Pedestrian - StL Pedestrian Volume,Trip End,N/A,dog-park-lot,no,N/A,no,0: All Days (M-Su),20: 7pm (7pm-8pm),53,2624,2624,1.3,1.3
"Jun 01, 2021 - Aug 31, 2021",Pedestrian - StL Pedestrian Volume,Trip End,N/A,dog-park-lot,no,N/A,no,0: All Days (M-Su),21: 8pm (8pm-9pm),51,2373,2373,1.2,1.2
"Jun 01, 2021 - Aug 31, 2021",Pedestrian - StL Pedestrian Volume,Trip End,N/A,dog-park-lot,no,N/A,no,0: All Days (M-Su),22: 9pm (9pm-10pm),10,2873,2873,1.8,1.8
"Jun 01, 2021 - Aug 31, 2021",Pedestrian - StL Pedestrian Volume,Trip End,N/A,dog-park-lot,no,N/A,no,0: All Days (M-Su),24: 11pm (11pm-12am),2,1144,1144,0.8,0.8
"Jun 01, 2021 - Aug 31, 2021",Pedestrian - StL Pedestrian Volume,Trip End,N/A,parking,no,N/A,no,0: All Days (M-Su),00: All Day (12am-12am),167,1359,1359,0.7,0.7
"Jun 01, 2021 - Aug 31, 2021",Pedestrian - StL Pedestrian Volume,Trip End,N/A,parking,no,N/A,no,0: All Days (M-Su),01: 12am (12am-1am),1,264,264,0.2,0.2
"Jun 01, 2021 - Aug 31, 2021",Pedestrian - StL Pedestrian Volume,Trip End,N/A,parking,no,N/A,no,0: All Days (M-Su),02: 1am (1am-2am),2,2159,2159,1.1,1.1
"Jun 01, 2021 - Aug 31, 2021",Pedestrian - StL Pedestrian Volume,Trip End,N/A,parking,no,N/A,no,0: All Days (M-Su),08: 7am (7am-8am),8,939,939,0.4,0.4
"Jun 01, 2021 - Aug 31, 2021",Pedestrian - StL Pedestrian Volume,Trip End,N/A,parking,no,N/A,no,0: All Days (M-Su),09: 8am (8am-9am),14,1681,1681,0.7,0.7
"Jun 01, 2021 - Aug 31, 2021",Pedestrian - StL Pedestrian Volume,Trip End,N/A,parking,no,N/A,no,0: All Days (M-Su),10: 9am (9am-10am),9,1980,1980,1.0,1.0
"Jun 01, 2021 - Aug 31, 2021",Pedestrian - StL Pedestrian Volume,Trip End,N/A,parking,no,N/A,no,0: All Days (M-Su),11: 10am (10am-11am),10,2228,2228,1.0,1.0
"Jun 01, 2021 - Aug 31, 2021",Pedestrian - StL Pedestrian Volume,Trip End,N/A,parking,no,N/A,no,0: All Days (M-Su),12: 11am (11am-12noon),2,2285,2285,1.1,1.1
"Jun 01, 2021 - Aug 31, 2021",Pedestrian - StL Pedestrian Volume,Trip End,N/A,parking,no,N/A,no,0: All Days (M-Su),13: 12pm (12noon-1pm),14,1394,1394,0.9,0.9
"Jun 01, 2021 - Aug 31, 2021",Pedestrian - StL Pedestrian Volume,Trip End,N/A,parking,no,N/A,no,0: All Days (M-Su),14: 1pm (1pm-2pm),11,1386,1386,0.7,0.7
"Jun 01, 2021 - Aug 31, 2021",Pedestrian - StL Pedestrian Volume,Trip End,N/A,parking,no,N/A,no,0: All Days (M-Su),15: 2pm (2pm-3pm),9,1582,1582,1.0,1.0
"Jun 01, 2021 - Aug 31, 2021",Pedestrian - StL Pedestrian Volume,Trip End,N/A,parking,no,N/A,no,0: All Days (M-Su),16: 3pm (3pm-4pm),14,994,994,0.7,0.7
"Jun 01, 2021 - Aug 31, 2021",Pedestrian - StL Pedestrian Volume,Trip End,N/A,parking,no,N/A,no,0: All Days (M-Su),17: 4pm (4pm-5pm),2,1221,1221,0.4,0.4
"Jun 01, 2021 - Aug 31, 2021",Pedestrian - StL Pedestrian Volume,Trip End,N/A,parking,no,N/A,no,0: All Days (M-Su),18: 5pm (5pm-6pm),14,1583,1583,0.7,0.7
"Jun 01, 2021 - Aug 31, 2021",Pedestrian - StL Pedestrian Volume,Trip End,N/A,parking,no,N/A,no,0: All Days (M-Su),19: 6pm (6pm-7pm),18,1181,1181,0.6,0.6
"Jun 01, 2021 - Aug 31, 2021",Pedestrian - StL Pedestrian Volume,Trip End,N/A,parking,no,N/A,no,0: All Days (M-Su),20: 7pm (7pm-8pm),17,1041,1041,0.6,0.6
"Jun 01, 2021 - Aug 31, 2021",Pedestrian - StL Pedestrian Volume,Trip End,N/A,parking,no,N/A,no,0: All Days (M-Su),21: 8pm (8pm-9pm),14,853,853,0.6,0.6
"Jun 01, 2021 - Aug 31, 2021",Pedestrian - StL Pedestrian Volume,Trip End,N/A,parking,no,N/A,no,0: All Days (M-Su),22: 9pm (9pm-10pm),3,758,758,0.1,0.1
"Jun 01, 2021 - Aug 31, 2021",Pedestrian - StL Pedestrian Volume,Trip End,N/A,parking,no,N/A,no,0: All Days (M-Su),23: 10pm (10pm-11pm),7,890,890,0.3,0.3
"Jun 01, 2021 - Aug 31, 2021",Pedestrian - StL Pedestrian Volume,Trip End,N/A,rec-center,no,N/A,no,0: All Days (M-Su),00: All Day (12am-12am),21,980,980,0.6,0.6
"Jun 01, 2021 - Aug 31, 2021",Pedestrian - StL Pedestrian Volume,Trip End,N/A,rec-center,no,N/A,no,0: All Days (M-Su),02: 1am (1am-2am),2,2276,2276,1.5,1.5
"Jun 01, 2021 - Aug 31, 2021",Pedestrian - StL Pedestrian Volume,Trip End,N/A,rec-center,no,N/A,no,0: All Days (M-Su),08: 7am (7am-8am),2,343,343,0.3,0.3
"Jun 01, 2021 - Aug 31, 2021",Pedestrian - StL Pedestrian Volume,Trip End,N/A,rec-center,no,N/A,no,0: All Days (M-Su),09: 8am (8am-9am),2,1188,1188,0.3,0.3
"Jun 01, 2021 - Aug 31, 2021",Pedestrian - StL Pedestrian Volume,Trip End,N/A,rec-center,no,N/A,no,0: All Days (M-Su),10: 9am (9am-10am),1,666,666,0.1,0.1
"Jun 01, 2021 - Aug 31, 2021",Pedestrian - StL Pedestrian Volume,Trip End,N/A,rec-center,no,N/A,no,0: All Days (M-Su),12: 11am (11am-12noon),1,512,512,0.4,0.4
"Jun 01, 2021 - Aug 31, 2021",Pedestrian - StL Pedestrian Volume,Trip End,N/A,rec-center,no,N/A,no,0: All Days (M-Su),13: 12pm (12noon-1pm),0,215,215,0.1,0.1
"Jun 01, 2021 - Aug 31, 2021",Pedestrian - StL Pedestrian Volume,Trip End,N/A,rec-center,no,N/A,no,0: All Days (M-Su),14: 1pm (1pm-2pm),2,182,182,0.1,0.1
"Jun 01, 2021 - Aug 31, 2021",Pedestrian - StL Pedestrian Volume,Trip End,N/A,rec-center,no,N/A,no,0: All Days (M-Su),15: 2pm (2pm-3pm),2,624,624,0.5,0.5
"Jun 01, 2021 - Aug 31, 2021",Pedestrian - StL Pedestrian Volume,Trip End,N/A,rec-center,no,N/A,no,0: All Days (M-Su),18: 5pm (5pm-6pm),2,464,464,0.4,0.4
"Jun 01, 2021 - Aug 31, 2021",Pedestrian - StL Pedestrian Volume,Trip End,N/A,rec-center,no,N/A,no,0: All Days (M-Su),19: 6pm (6pm-7pm),3,2362,2362,1.4,1.4
"Jun 01, 2021 - Aug 31, 2021",Pedestrian - StL Pedestrian Volume,Trip End,N/A,rec-center,no,N/A,no,0: All Days (M-Su),20: 7pm (7pm-8pm),2,1888,1888,1.2,1.2
"Jun 01, 2021 - Aug 31, 2021",Pedestrian - StL Pedestrian Volume,Trip End,N/A,rec-center,no,N/A,no,0: All Days (M-Su),22: 9pm (9pm-10pm),2,536,536,0.4,0.4
"Jun 01, 2021 - Aug 31, 2021",Pedestrian - StL Pedestrian Volume,Trip End,N/A,restroom,no,N/A,no,0: All Days (M-Su),00: All Day (12am-12am),74,1396,1396,0.6,0.6
"Jun 01, 2021 - Aug 31, 2021",Pedestrian - StL Pedestrian Volume,Trip End,N/A,restroom,no,N/A,no,0: All Days (M-Su),09: 8am (8am-9am),4,1508,1508,0.5,0.5
"Jun 01, 2021 - Aug 31, 2021",Pedestrian - StL Pedestrian Volume,Trip End,N/A,restroom,no,N/A,no,0: All Days (M-Su),10: 9am (9am-10am),1,1928,1928,2.4,2.4
"Jun 01, 2021 - Aug 31, 2021",Pedestrian - StL Pedestrian Volume,Trip End,N/A,restroom,no,N/A,no,0: All Days (M-Su),11: 10am (10am-11am),5,2109,2109,0.6,0.6
"Jun 01, 2021 - Aug 31, 2021",Pedestrian - StL Pedestrian Volume,Trip End,N/A,restroom,no,N/A,no,0: All Days (M-Su),12: 11am (11am-12noon),5,1481,1481,0.9,0.9
"Jun 01, 2021 - Aug 31, 2021",Pedestrian - StL Pedestrian Volume,Trip End,N/A,restroom,no,N/A,no,0: All Days (M-Su),13: 12pm (12noon-1pm),6,1471,1471,0.4,0.4
"Jun 01, 2021 - Aug 31, 2021",Pedestrian - StL Pedestrian Volume,Trip End,N/A,restroom,no,N/A,no,0: All Days (M-Su),14: 1pm (1pm-2pm),11,824,824,0.4,0.4
"Jun 01, 2021 - Aug 31, 2021",Pedestrian - StL Pedestrian Volume,Trip End,N/A,restroom,no,N/A,no,0: All Days (M-Su),15: 2pm (2pm-3pm),6,1337,1337,0.7,0.7
"Jun 01, 2021 - Aug 31, 2021",Pedestrian - StL Pedestrian Volume,Trip End,N/A,restroom,no,N/A,no,0: All Days (M-Su),16: 3pm (3pm-4pm),3,1498,1498,1.1,1.1
"Jun 01, 2021 - Aug 31, 2021",Pedestrian - StL Pedestrian Volume,Trip End,N/A,restroom,no,N/A,no,0: All Days (M-Su),17: 4pm (4pm-5pm),9,913,913,0.5,0.5
"Jun 01, 2021 - Aug 31, 2021",Pedestrian - StL Pedestrian Volume,Trip End,N/A,restroom,no,N/A,no,0: All Days (M-Su),18: 5pm (5pm-6pm),6,1470,1470,0.5,0.5
"Jun 01, 2021 - Aug 31, 2021",Pedestrian - StL Pedestrian Volume,Trip End,N/A,restroom,no,N/A,no,0: All Days (M-Su),19: 6pm (6pm-7pm),6,1500,1500,0.6,0.6
"Jun 01, 2021 - Aug 31, 2021",Pedestrian - StL Pedestrian Volume,Trip End,N/A,restroom,no,N/A,no,0: All Days (M-Su),20: 7pm (7pm-8pm),7,2070,2070,0.5,0.5
"Jun 01, 2021 - Aug 31, 2021",Pedestrian - StL Pedestrian Volume,Trip End,N/A,restroom,no,N/A,no,0: All Days (M-Su),21: 8pm (8pm-9pm),2,329,329,0.1,0.1
"Jun 01, 2021 - Aug 31, 2021",Pedestrian - StL Pedestrian Volume,Trip End,N/A,restroom,no,N/A,no,0: All Days (M-Su),22: 9pm (9pm-10pm),1,1585,1585,1.1,1.1
"Jun 01, 2021 - Aug 31, 2021",Pedestrian - StL Pedestrian Volume,Trip End,N/A,restroom,no,N/A,no,0: All Days (M-Su),23: 10pm (10pm-11pm),2,2044,2044,1.1,1.1
"Jun 01, 2021 - Aug 31, 2021",Pedestrian - StL Pedestrian Volume,Trip Pass-Through,N/A,dog-park-lot-pt,yes,N/A,no,0: All Days (M-Su),00: All Day (12am-12am),378,2555,2555,1.6,1.6
"Jun 01, 2021 - Aug 31, 2021",Pedestrian - StL Pedestrian Volume,Trip Pass-Through,N/A,dog-park-lot-pt,yes,N/A,no,0: All Days (M-Su),07: 6am (6am-7am),6,1925,1925,1.6,1.6
"Jun 01, 2021 - Aug 31, 2021",Pedestrian - StL Pedestrian Volume,Trip Pass-Through,N/A,dog-park-lot-pt,yes,N/A,no,0: All Days (M-Su),08: 7am (7am-8am),11,2491,2491,1.8,1.8
"Jun 01, 2021 - Aug 31, 2021",Pedestrian - StL Pedestrian Volume,Trip Pass-Through,N/A,dog-park-lot-pt,yes,N/A,no,0: All Days (M-Su),09: 8am (8am-9am),17,3057,3057,1.6,1.6
"Jun 01, 2021 - Aug 31, 2021",Pedestrian - StL Pedestrian Volume,Trip Pass-Through,N/A,dog-park-lot-pt,yes,N/A,no,0: All Days (M-Su),10: 9am (9am-10am),20,2450,2450,1.3,1.3
"Jun 01, 2021 - Aug 31, 2021",Pedestrian - StL Pedestrian Volume,Trip Pass-Through,N/A,dog-park-lot-pt,yes,N/A,no,0: All Days (M-Su),11: 10am (10am-11am),14,2368,2368,1.7,1.7
"Jun 01, 2021 - Aug 31, 2021",Pedestrian - StL Pedestrian Volume,Trip Pass-Through,N/A,dog-park-lot-pt,yes,N/A,no,0: All Days (M-Su),12: 11am (11am-12noon),17,3025,3025,1.9,1.9
"Jun 01, 2021 - Aug 31, 2021",Pedestrian - StL Pedestrian Volume,Trip Pass-Through,N/A,dog-park-lot-pt,yes,N/A,no,0: All Days (M-Su),13: 12pm (12noon-1pm),21,3041,3041,1.4,1.4
"Jun 01, 2021 - Aug 31, 2021",Pedestrian - StL Pedestrian Volume,Trip Pass-Through,N/A,dog-park-lot-pt,yes,N/A,no,0: All Days (M-Su),14: 1pm (1pm-2pm),23,2760,2760,1.5,1.5
"Jun 01, 2021 - Aug 31, 2021",Pedestrian - StL Pedestrian Volume,Trip Pass-Through,N/A,dog-park-lot-pt,yes,N/A,no,0: All Days (M-Su),15: 2pm (2pm-3pm),23,3105,3105,1.0,1.0
"Jun 01, 2021 - Aug 31, 2021",Pedestrian - StL Pedestrian Volume,Trip Pass-Through,N/A,dog-park-lot-pt,yes,N/A,no,0: All Days (M-Su),16: 3pm (3pm-4pm),17,2625,2625,1.7,1.7
"Jun 01, 2021 - Aug 31, 2021",Pedestrian - StL Pedestrian Volume,Trip Pass-Through,N/A,dog-park-lot-pt,yes,N/A,no,0: All Days (M-Su),17: 4pm (4pm-5pm),26,2235,2235,1.5,1.5
"Jun 01, 2021 - Aug 31, 2021",Pedestrian - StL Pedestrian Volume,Trip Pass-Through,N/A,dog-park-lot-pt,yes,N/A,no,0: All Days (M-Su),18: 5pm (5pm-6pm),32,2152,2152,1.6,1.6
"Jun 01, 2021 - Aug 31, 2021",Pedestrian - StL Pedestrian Volume,Trip Pass-Through,N/A,dog-park-lot-pt,yes,N/A,no,0: All Days (M-Su),19: 6pm (6pm-7pm),45,2277,2277,1.6,1.6
"Jun 01, 2021 - Aug 31, 2021",Pedestrian - StL Pedestrian Volume,Trip Pass-Through,N/A,dog-park-lot-pt,yes,N/A,no,0: All Days (M-Su),20: 7pm (7pm-8pm),55,2620,2620,1.8,1.8
"Jun 01, 2021 - Aug 31, 2021",Pedestrian - StL Pedestrian Volume,Trip Pass-Through,N/A,dog-park-lot-pt,yes,N/A,no,0: All Days (M-Su),21: 8pm (8pm-9pm),40,2635,2635,1.8,1.8
"Jun 01, 2021 - Aug 31, 2021",Pedestrian - StL Pedestrian Volume,Trip Pass-Through,N/A,dog-park-lot-pt,yes,N/A,no,0: All Days (M-Su),22: 9pm (9pm-10pm),10,1235,1235,0.9,0.9
"Jun 01, 2021 - Aug 31, 2021",Pedestrian - StL Pedestrian Volume,Trip Pass-Through,N/A,dog-park-lot-pt,yes,N/A,no,0: All Days (M-Su),24: 11pm (11pm-12am),1,569,569,0.3,0.3
"Jun 01, 2021 - Aug 31, 2021",Pedestrian - StL Pedestrian Volume,Trip Pass-Through,N/A,parking-pt,yes,N/A,no,0: All Days (M-Su),00: All Day (12am-12am),443,1581,1581,0.9,0.9
"Jun 01, 2021 - Aug 31, 2021",Pedestrian - StL Pedestrian Volume,Trip Pass-Through,N/A,parking-pt,yes,N/A,no,0: All Days (M-Su),01: 12am (12am-1am),2,2276,2276,1.5,1.5
"Jun 01, 2021 - Aug 31, 2021",Pedestrian - StL Pedestrian Volume,Trip Pass-Through,N/A,parking-pt,yes,N/A,no,0: All Days (M-Su),02: 1am (1am-2am),6,2260,2260,1.0,1.0
"Jun 01, 2021 - Aug 31, 2021",Pedestrian - StL Pedestrian Volume,Trip Pass-Through,N/A,parking-pt,yes,N/A,no,0: All Days (M-Su),03: 2am (2am-3am),2,2510,2510,1.5,1.5
"Jun 01, 2021 - Aug 31, 2021",Pedestrian - StL Pedestrian Volume,Trip Pass-Through,N/A,parking-pt,yes,N/A,no,0: All Days (M-Su),06: 5am (5am-6am),7,694,694,0.3,0.3
"Jun 01, 2021 - Aug 31, 2021",Pedestrian - StL Pedestrian Volume,Trip Pass-Through,N/A,parking-pt,yes,N/A,no,0: All Days (M-Su),07: 6am (6am-7am),4,1759,1759,1.3,1.3
"Jun 01, 2021 - Aug 31, 2021",Pedestrian - StL Pedestrian Volume,Trip Pass-Through,N/A,parking-pt,yes,N/A,no,0: All Days (M-Su),08: 7am (7am-8am),19,1739,1739,1.1,1.1
"Jun 01, 2021 - Aug 31, 2021",Pedestrian - StL Pedestrian Volume,Trip Pass-Through,N/A,parking-pt,yes,N/A,no,0: All Days (M-Su),09: 8am (8am-9am),43,1671,1671,1.0,1.0
"Jun 01, 2021 - Aug 31, 2021",Pedestrian - StL Pedestrian Volume,Trip Pass-Through,N/A,parking-pt,yes,N/A,no,0: All Days (M-Su),10: 9am (9am-10am),32,1566,1566,0.8,0.8
"Jun 01, 2021 - Aug 31, 2021",Pedestrian - StL Pedestrian Volume,Trip Pass-Through,N/A,parking-pt,yes,N/A,no,0: All Days (M-Su),11: 10am (10am-11am),21,1614,1614,0.8,0.8
"Jun 01, 2021 - Aug 31, 2021",Pedestrian - StL Pedestrian Volume,Trip Pass-Through,N/A,parking-pt,yes,N/A,no,0: All Days (M-Su),12: 11am (11am-12noon),28,1212,1212,0.8,0.8
"Jun 01, 2021 - Aug 31, 2021",Pedestrian - StL Pedestrian Volume,Trip Pass-Through,N/A,parking-pt,yes,N/A,no,0: All Days (M-Su),13: 12pm (12noon-1pm),28,1518,1518,0.7,0.7
"Jun 01, 2021 - Aug 31, 2021",Pedestrian - StL Pedestrian Volume,Trip Pass-Through,N/A,parking-pt,yes,N/A,no,0: All Days (M-Su),14: 1pm (1pm-2pm),14,1194,1194,0.5,0.5
"Jun 01, 2021 - Aug 31, 2021",Pedestrian - StL Pedestrian Volume,Trip Pass-Through,N/A,parking-pt,yes,N/A,no,0: All Days (M-Su),15: 2pm (2pm-3pm),16,1684,1684,1.5,1.5
"Jun 01, 2021 - Aug 31, 2021",Pedestrian - StL Pedestrian Volume,Trip Pass-Through,N/A,parking-pt,yes,N/A,no,0: All Days (M-Su),16: 3pm (3pm-4pm),21,1228,1228,0.6,0.6
"Jun 01, 2021 - Aug 31, 2021",Pedestrian - StL Pedestrian Volume,Trip Pass-Through,N/A,parking-pt,yes,N/A,no,0: All Days (M-Su),17: 4pm (4pm-5pm),24,1379,1379,0.8,0.8
"Jun 01, 2021 - Aug 31, 2021",Pedestrian - StL Pedestrian Volume,Trip Pass-Through,N/A,parking-pt,yes,N/A,no,0: All Days (M-Su),18: 5pm (5pm-6pm),40,1629,1629,1.0,1.0
"Jun 01, 2021 - Aug 31, 2021",Pedestrian - StL Pedestrian Volume,Trip Pass-Through,N/A,parking-pt,yes,N/A,no,0: All Days (M-Su),19: 6pm (6pm-7pm),47,1447,1447,0.8,0.8
"Jun 01, 2021 - Aug 31, 2021",Pedestrian - StL Pedestrian Volume,Trip Pass-Through,N/A,parking-pt,yes,N/A,no,0: All Days (M-Su),20: 7pm (7pm-8pm),32,2261,2261,1.3,1.3
"Jun 01, 2021 - Aug 31, 2021",Pedestrian - StL Pedestrian Volume,Trip Pass-Through,N/A,parking-pt,yes,N/A,no,0: All Days (M-Su),21: 8pm (8pm-9pm),38,1468,1468,0.9,0.9
"Jun 01, 2021 - Aug 31, 2021",Pedestrian - StL Pedestrian Volume,Trip Pass-Through,N/A,parking-pt,yes,N/A,no,0: All Days (M-Su),22: 9pm (9pm-10pm),12,1675,1675,0.8,0.8
"Jun 01, 2021 - Aug 31, 2021",Pedestrian - StL Pedestrian Volume,Trip Pass-Through,N/A,parking-pt,yes,N/A,no,0: All Days (M-Su),23: 10pm (10pm-11pm),4,2518,2518,1.5,1.5
"Jun 01, 2021 - Aug 31, 2021",Pedestrian - StL Pedestrian Volume,Trip Pass-Through,N/A,parking-pt,yes,N/A,no,0: All Days (M-Su),24: 11pm (11pm-12am),3,1378,1378,0.5,0.5
"Jun 01, 2021 - Aug 31, 2021",Pedestrian - StL Pedestrian Volume,Trip Pass-Through,N/A,rec-center-pt,yes,N/A,no,0: All Days (M-Su),00: All Day (12am-12am),480,1609,1609,0.9,0.9
"Jun 01, 2021 - Aug 31, 2021",Pedestrian - StL Pedestrian Volume,Trip Pass-Through,N/A,rec-center-pt,yes,N/A,no,0: All Days (M-Su),01: 12am (12am-1am),2,1855,1855,0.7,0.7
"Jun 01, 2021 - Aug 31, 2021",Pedestrian - StL Pedestrian Volume,Trip Pass-Through,N/A,rec-center-pt,yes,N/A,no,0: All Days (M-Su),02: 1am (1am-2am),9,2217,2217,1.2,1.2
"Jun 01, 2021 - Aug 31, 2021",Pedestrian - StL Pedestrian Volume,Trip Pass-Through,N/A,rec-center-pt,yes,N/A,no,0: All Days (M-Su),07: 6am (6am-7am),7,3634,3634,1.8,1.8
"Jun 01, 2021 - Aug 31, 2021",Pedestrian - StL Pedestrian Volume,Trip Pass-Through,N/A,rec-center-pt,yes,N/A,no,0: All Days (M-Su),08: 7am (7am-8am),22,1331,1331,0.8,0.8
"Jun 01, 2021 - Aug 31, 2021",Pedestrian - StL Pedestrian Volume,Trip Pass-Through,N/A,rec-center-pt,yes,N/A,no,0: All Days (M-Su),09: 8am (8am-9am),51,1933,1933,1.2,1.2
"Jun 01, 2021 - Aug 31, 2021",Pedestrian - StL Pedestrian Volume,Trip Pass-Through,N/A,rec-center-pt,yes,N/A,no,0: All Days (M-Su),10: 9am (9am-10am),38,1617,1617,1.0,1.0
"Jun 01, 2021 - Aug 31, 2021",Pedestrian - StL Pedestrian Volume,Trip Pass-Through,N/A,rec-center-pt,yes,N/A,no,0: All Days (M-Su),11: 10am (10am-11am),19,1689,1689,0.8,0.8
"Jun 01, 2021 - Aug 31, 2021",Pedestrian - StL Pedestrian Volume,Trip Pass-Through,N/A,rec-center-pt,yes,N/A,no,0: All Days (M-Su),12: 11am (11am-12noon),22,1308,1308,0.7,0.7
"Jun 01, 2021 - Aug 31, 2021",Pedestrian - StL Pedestrian Volume,Trip Pass-Through,N/A,rec-center-pt,yes,N/A,no,0: All Days (M-Su),13: 12pm (12noon-1pm),31,1432,1432,0.8,0.8
"Jun 01, 2021 - Aug 31, 2021",Pedestrian - StL Pedestrian Volume,Trip Pass-Through,N/A,rec-center-pt,yes,N/A,no,0: All Days (M-Su),14: 1pm (1pm-2pm),20,1169,1169,0.5,0.5
"Jun 01, 2021 - Aug 31, 2021",Pedestrian - StL Pedestrian Volume,Trip Pass-Through,N/A,rec-center-pt,yes,N/A,no,0: All Days (M-Su),15: 2pm (2pm-3pm),13,2699,2699,2.6,2.6
"Jun 01, 2021 - Aug 31, 2021",Pedestrian - StL Pedestrian Volume,Trip Pass-Through,N/A,rec-center-pt,yes,N/A,no,0: All Days (M-Su),16: 3pm (3pm-4pm),21,1218,1218,0.6,0.6
"Jun 01, 2021 - Aug 31, 2021",Pedestrian - StL Pedestrian Volume,Trip Pass-Through,N/A,rec-center-pt,yes,N/A,no,0: All Days (M-Su),17: 4pm (4pm-5pm),32,1251,1251,0.6,0.6
"Jun 01, 2021 - Aug 31, 2021",Pedestrian - StL Pedestrian Volume,Trip Pass-Through,N/A,rec-center-pt,yes,N/A,no,0: All Days (M-Su),18: 5pm (5pm-6pm),61,1545,1545,0.9,0.9
"Jun 01, 2021 - Aug 31, 2021",Pedestrian - StL Pedestrian Volume,Trip Pass-Through,N/A,rec-center-pt,yes,N/A,no,0: All Days (M-Su),19: 6pm (6pm-7pm),47,1475,1475,0.8,0.8
"Jun 01, 2021 - Aug 31, 2021",Pedestrian - StL Pedestrian Volume,Trip Pass-Through,N/A,rec-center-pt,yes,N/A,no,0: All Days (M-Su),20: 7pm (7pm-8pm),41,1795,1795,1.0,1.0
"Jun 01, 2021 - Aug 31, 2021",Pedestrian - StL Pedestrian Volume,Trip Pass-Through,N/A,rec-center-pt,yes,N/A,no,0: All Days (M-Su),21: 8pm (8pm-9pm),26,1578,1578,1.2,1.2
"Jun 01, 2021 - Aug 31, 2021",Pedestrian - StL Pedestrian Volume,Trip Pass-Through,N/A,rec-center-pt,yes,N/A,no,0: All Days (M-Su),22: 9pm (9pm-10pm),11,1062,1062,0.5,0.5
"Jun 01, 2021 - Aug 31, 2021",Pedestrian - StL Pedestrian Volume,Trip Pass-Through,N/A,rec-center-pt,yes,N/A,no,0: All Days (M-Su),23: 10pm (10pm-11pm),5,2301,2301,1.3,1.3
"Jun 01, 2021 - Aug 31, 2021",Pedestrian - StL Pedestrian Volume,Trip Pass-Through,N/A,rec-center-pt,yes,N/A,no,0: All Days (M-Su),24: 11pm (11pm-12am),2,505,505,0.4,0.4
"Jun 01, 2021 - Aug 31, 2021",Pedestrian - StL Pedestrian Volume,Trip Pass-Through,N/A,restroom-pt,yes,N/A,no,0: All Days (M-Su),00: All Day (12am-12am),507,1476,1476,0.8,0.8
"Jun 01, 2021 - Aug 31, 2021",Pedestrian - StL Pedestrian Volume,Trip Pass-Through,N/A,restroom-pt,yes,N/A,no,0: All Days (M-Su),05: 4am (4am-5am),1,1524,1524,0.8,0.8
"Jun 01, 2021 - Aug 31, 2021",Pedestrian - StL Pedestrian Volume,Trip Pass-Through,N/A,restroom-pt,yes,N/A,no,0: All Days (M-Su),07: 6am (6am-7am),1,1321,1321,0.4,0.4
"Jun 01, 2021 - Aug 31, 2021",Pedestrian - StL Pedestrian Volume,Trip Pass-Through,N/A,restroom-pt,yes,N/A,no,0: All Days (M-Su),08: 7am (7am-8am),8,1640,1640,0.9,0.9
"Jun 01, 2021 - Aug 31, 2021",Pedestrian - StL Pedestrian Volume,Trip Pass-Through,N/A,restroom-pt,yes,N/A,no,0: All Days (M-Su),09: 8am (8am-9am),33,1520,1520,0.9,0.9
"Jun 01, 2021 - Aug 31, 2021",Pedestrian - StL Pedestrian Volume,Trip Pass-Through,N/A,restroom-pt,yes,N/A,no,0: All Days (M-Su),10: 9am (9am-10am),37,1720,1720,0.9,0.9
"Jun 01, 2021 - Aug 31, 2021",Pedestrian - StL Pedestrian Volume,Trip Pass-Through,N/A,restroom-pt,yes,N/A,no,0: All Days (M-Su),11: 10am (10am-11am),16,1547,1547,1.1,1.1
"Jun 01, 2021 - Aug 31, 2021",Pedestrian - StL Pedestrian Volume,Trip Pass-Through,N/A,restroom-pt,yes,N/A,no,0: All Days (M-Su),12: 11am (11am-12noon),19,1114,1114,0.4,0.4
"Jun 01, 2021 - Aug 31, 2021",Pedestrian - StL Pedestrian Volume,Trip Pass-Through,N/A,restroom-pt,yes,N/A,no,0: All Days (M-Su),13: 12pm (12noon-1pm),18,848,848,0.3,0.3
"Jun 01, 2021 - Aug 31, 2021",Pedestrian - StL Pedestrian Volume,Trip Pass-Through,N/A,restroom-pt,yes,N/A,no,0: All Days (M-Su),14: 1pm (1pm-2pm),21,1160,1160,0.6,0.6
"Jun 01, 2021 - Aug 31, 2021",Pedestrian - StL Pedestrian Volume,Trip Pass-Through,N/A,restroom-pt,yes,N/A,no,0: All Days (M-Su),15: 2pm (2pm-3pm),25,1247,1247,0.6,0.6
"Jun 01, 2021 - Aug 31, 2021",Pedestrian - StL Pedestrian Volume,Trip Pass-Through,N/A,restroom-pt,yes,N/A,no,0: All Days (M-Su),16: 3pm (3pm-4pm),20,1063,1063,0.4,0.4
"Jun 01, 2021 - Aug 31, 2021",Pedestrian - StL Pedestrian Volume,Trip Pass-Through,N/A,restroom-pt,yes,N/A,no,0: All Days (M-Su),17: 4pm (4pm-5pm),58,1225,1225,0.6,0.6
"Jun 01, 2021 - Aug 31, 2021",Pedestrian - StL Pedestrian Volume,Trip Pass-Through,N/A,restroom-pt,yes,N/A,no,0: All Days (M-Su),18: 5pm (5pm-6pm),63,1492,1492,0.8,0.8
"Jun 01, 2021 - Aug 31, 2021",Pedestrian - StL Pedestrian Volume,Trip Pass-Through,N/A,restroom-pt,yes,N/A,no,0: All Days (M-Su),19: 6pm (6pm-7pm),59,1555,1555,0.7,0.7
"Jun 01, 2021 - Aug 31, 2021",Pedestrian - StL Pedestrian Volume,Trip Pass-Through,N/A,restroom-pt,yes,N/A,no,0: All Days (M-Su),20: 7pm (7pm-8pm),71,1562,1562,0.9,0.9
"Jun 01, 2021 - Aug 31, 2021",Pedestrian - StL Pedestrian Volume,Trip Pass-Through,N/A,restroom-pt,yes,N/A,no,0: All Days (M-Su),21: 8pm (8pm-9pm),44,2087,2087,1.0,1.0
"Jun 01, 2021 - Aug 31, 2021",Pedestrian - StL Pedestrian Volume,Trip Pass-Through,N/A,restroom-pt,yes,N/A,no,0: All Days (M-Su),22: 9pm (9pm-10pm),13,1617,1617,0.9,0.9
"Jun 01, 2021 - Aug 31, 2021",Pedestrian - StL Pedestrian Volume,Trip Pass-Through,N/A,restroom-pt,yes,N/A,no,0: All Days (M-Su),23: 10pm (10pm-11pm),2,713,713,0.7,0.7
